id,creation_time,property1,property2,property3,property4,property5,failed,time_of_death,details,type,origin_id,network_id,contents
1,2019-10-09 23:43:39.576177,,,,,,f,,{},info,5,5,"{{red,sunset,a},{red,hole,a},{purple,wheel,a},{purple,octopus,an},{solid,food,NA},{brown,clump,a},{slippery,slipper,a},{dark,cow,a},{dark,barn,a},{wet,sock,a},{yellow,duckling,a},{pink,crayon,a},{dark,owl,an},{orange,balloon,a},{solid,smack,a},{green,knife,a},{bright,card,a},{wooden,stool,a},{yellow,flag,a},{plastic,tunnel,a}}"
15,2019-10-09 23:44:29.977549,yellow,duckling,,,,t,2019-10-09 23:45:30.777895,{},info,6,5,5
31,2019-10-09 23:44:59.322859,wet,girl,,,,t,2019-10-09 23:45:59.280244,{},info,7,2,3
11,2019-10-09 23:44:23.662011,red,picture,,,,t,2019-10-09 23:45:59.294999,{},info,7,2,3
32,2019-10-09 23:45:01.638528,sweet,baby,,,,t,2019-10-09 23:45:59.303599,{},info,7,2,2
13,2019-10-09 23:44:27.146851,evergreen,tree,,,,t,2019-10-09 23:45:59.312409,{},info,7,2,4
14,2019-10-09 23:44:27.603535,wet,sock,,,,t,2019-10-09 23:45:30.786924,{},info,6,5,3
33,2019-10-09 23:45:04.675698,pink,tongue,,,,t,2019-10-09 23:45:59.320935,{},info,7,2,6
19,2019-10-09 23:44:40.235275,naked,butt,,,,t,2019-10-09 23:45:59.329095,{},info,7,2,6
21,2019-10-09 23:44:42.461964,blonde,hair,,,,t,2019-10-09 23:45:59.343037,{},info,7,2,4
35,2019-10-09 23:45:06.952784,red,ground,,,,t,2019-10-09 23:45:59.351963,{},info,7,2,4
12,2019-10-09 23:44:24.265103,dark,barn,,,,t,2019-10-09 23:45:30.795057,{},info,6,5,3
23,2019-10-09 23:44:44.689887,dark,cloud,,,,t,2019-10-09 23:45:59.360556,{},info,7,2,3
9,2019-10-09 23:44:16.793446,,,,,,f,,{},info,2,2,"{{red,picture,a},{evergreen,tree,a},{naked,butt,a},{blonde,hair,a},{dark,cloud,a},{orange,boy,a},{bright,hair,a},{bottom,stair,a},{red,crab,a},{wet,girl,a},{sweet,baby,a},{pink,tongue,a},{red,ground,NA},{yellow,curtain,a},{giant,stick,a},{dirty,slipper,a},{yellow,key,a},{fat,food,NA},{hot,aspen,an},{back,door,a}}"
24,2019-10-09 23:44:47.586867,orange,boy,,,,t,2019-10-09 23:45:59.369283,{},info,7,2,1
46,2019-10-09 23:46:01.75294,yellow,dragon,,,,f,,{},info,8,3,3
10,2019-10-09 23:44:19.44904,dark,cow,,,,t,2019-10-09 23:45:30.803242,{},info,6,5,3
26,2019-10-09 23:44:49.850128,bright,hair,,,,t,2019-10-09 23:45:59.377964,{},info,7,2,3
57,2019-10-09 23:46:34.806413,fat,leg,,,,f,,{},info,8,3,4
37,2019-10-09 23:45:16.373602,yellow,curtain,,,,t,2019-10-09 23:45:59.386458,{},info,7,2,3
8,2019-10-09 23:44:14.907372,slippery,slipper,,,,t,2019-10-09 23:45:30.810973,{},info,6,5,3
27,2019-10-09 23:44:52.41784,bottom,stair,,,,t,2019-10-09 23:45:59.395373,{},info,7,2,7
47,2019-10-09 23:46:13.613174,yellow,curve,,,,f,,{},info,8,3,5
28,2019-10-09 23:44:55.036584,red,crab,,,,t,2019-10-09 23:45:59.404814,{},info,7,2,3
38,2019-10-09 23:45:18.842361,giant,stick,,,,t,2019-10-09 23:45:59.412821,{},info,7,2,4
7,2019-10-09 23:44:09.292889,brown,clump,,,,t,2019-10-09 23:45:30.818921,{},info,6,5,5
39,2019-10-09 23:45:27.936103,dirty,slipper,,,,t,2019-10-09 23:45:59.421017,{},info,7,2,3
40,2019-10-09 23:45:29.681177,yellow,key,,,,t,2019-10-09 23:45:59.429389,{},info,7,2,3
41,2019-10-09 23:45:30.52372,fat,food,,,,t,2019-10-09 23:45:59.437309,{},info,7,2,4
6,2019-10-09 23:44:05.027622,solid,food,,,,t,2019-10-09 23:45:30.826781,{},info,6,5,6
53,2019-10-09 23:46:23.957535,bright,star,,,,f,,{},info,8,3,5
48,2019-10-09 23:46:15.603458,grey,bridge,,,,f,,{},info,8,3,4
42,2019-10-09 23:45:30.967054,hot,aspen,,,,t,2019-10-09 23:45:59.445501,{},info,7,2,3
43,2019-10-09 23:45:31.589147,back,door,,,,t,2019-10-09 23:45:59.453829,{},info,7,2,5
44,2019-10-09 23:45:32.07061,,attentioncheck,,,,t,2019-10-09 23:45:59.461799,{},info,7,2,6
5,2019-10-09 23:44:01.227081,purple,octopus,,,,t,2019-10-09 23:45:30.835083,{},info,6,5,2
49,2019-10-09 23:46:17.715952,red,arrow,,,,f,,{},info,8,3,3
50,2019-10-09 23:46:19.348442,bright,shirt,,,,f,,{},info,8,3,6
4,2019-10-09 23:43:56.269701,purple,wheel,,,,t,2019-10-09 23:45:30.842926,{},info,6,5,2
3,2019-10-09 23:43:51.200491,red,hole,,,,t,2019-10-09 23:45:30.851829,{},info,6,5,2
54,2019-10-09 23:46:26.472457,purple,bin,,,,f,,{},info,8,3,2
2,2019-10-09 23:43:43.360407,red,sunset,,,,t,2019-10-09 23:45:30.859916,{},info,6,5,3
51,2019-10-09 23:46:20.768062,green,roof,,,,f,,{},info,8,3,5
36,2019-10-09 23:45:07.187551,,attentioncheck,,,,t,2019-10-09 23:45:30.687091,{},info,6,5,5
34,2019-10-09 23:45:04.82495,plastic,tunnel,,,,t,2019-10-09 23:45:30.699127,{},info,6,5,3
30,2019-10-09 23:44:58.963991,yellow,flag,,,,t,2019-10-09 23:45:30.707029,{},info,6,5,3
29,2019-10-09 23:44:55.438971,wooden,stool,,,,t,2019-10-09 23:45:30.715034,{},info,6,5,5
25,2019-10-09 23:44:48.754706,bright,card,,,,t,2019-10-09 23:45:30.722794,{},info,6,5,4
22,2019-10-09 23:44:44.558741,green,knife,,,,t,2019-10-09 23:45:30.730493,{},info,6,5,3
20,2019-10-09 23:44:41.980699,solid,smack,,,,t,2019-10-09 23:45:30.739729,{},info,6,5,5
18,2019-10-09 23:44:39.103323,orange,balloon,,,,t,2019-10-09 23:45:30.747596,{},info,6,5,3
17,2019-10-09 23:44:35.788451,dark,owl,,,,t,2019-10-09 23:45:30.755767,{},info,6,5,3
16,2019-10-09 23:44:33.625114,pink,crayon,,,,t,2019-10-09 23:45:30.763999,{},info,6,5,3
52,2019-10-09 23:46:22.430177,wet,snow,,,,f,,{},info,8,3,6
55,2019-10-09 23:46:27.881023,purple,salad,,,,f,,{},info,8,3,4
45,2019-10-09 23:45:53.791701,,,,,,f,,{},info,3,3,"{{yellow,dragon,a},{yellow,curve,a},{grey,bridge,a},{red,arrow,an},{bright,shirt,a},{green,roof,a},{wet,snow,NA},{bright,star,a},{purple,bin,a},{purple,salad,a},{pink,basement,a},{fat,leg,a},{fuzzy,fur,NA},{green,track,a},{wet,towel,a},{red,hand,a},{orange,nose,a},{plastic,garbage,NA},{green,helmet,a},{yellow,ticket,a}}"
58,2019-10-09 23:46:36.799848,fuzzy,fur,,,,f,,{},info,8,3,6
56,2019-10-09 23:46:32.871696,pink,basement,,,,f,,{},info,8,3,1
60,2019-10-09 23:46:41.205886,wet,towel,,,,f,,{},info,8,3,3
59,2019-10-09 23:46:38.4494,green,track,,,,f,,{},info,8,3,4
61,2019-10-09 23:46:43.01667,red,hand,,,,f,,{},info,8,3,3
62,2019-10-09 23:46:45.07267,orange,nose,,,,f,,{},info,8,3,2
63,2019-10-09 23:46:47.023497,plastic,garbage,,,,f,,{},info,8,3,5
64,2019-10-09 23:46:49.043076,green,helmet,,,,f,,{},info,8,3,3
65,2019-10-09 23:46:50.552489,yellow,ticket,,,,f,,{},info,8,3,3
66,2019-10-09 23:46:52.237669,,attentioncheck,,,,f,,{},info,8,3,5
67,2019-10-09 23:47:49.735243,,,,,,f,,{},info,1,1,"{{pink,bow,a},{springy,tail,a},{buttered,dough,NA},{hot,door,a},{silver,ship,a},{purple,ladybug,a},{silver,line,a},{wet,rag,a},{hot,cake,a},{hot,noodle,a},{orange,snack,a},{orange,sticker,a},{brown,color,a},{naked,girl,a},{green,grasshopper,a},{flat,cardboard,NA},{yellow,puppy,a},{moist,skin,NA},{dead,person,a},{brown,rock,a}}"
195,2019-10-09 23:56:17.59975,plastic,garbage,,,,f,,{},info,14,3,3
76,2019-10-09 23:48:17.164662,hot,cake,,,,t,2019-10-09 23:49:08.698757,{},info,9,1,3
68,2019-10-09 23:47:54.112062,pink,bow,,,,t,2019-10-09 23:49:08.763897,{},info,9,1,3
197,2019-10-09 23:56:25.237206,yellow,ticket,,,,f,,{},info,14,3,3
103,2019-10-09 23:50:41.514354,,,,,,f,,{},info,3,3,"{{yellow,dragon,a},{yellow,curve,a},{grey,bridge,a},{red,arrow,an},{bright,shirt,a},{green,roof,a},{wet,snow,NA},{bright,star,a},{purple,bin,a},{purple,salad,a},{pink,basement,a},{fat,leg,a},{fuzzy,fur,NA},{green,track,a},{wet,towel,a},{red,hand,a},{orange,nose,a},{plastic,garbage,NA},{green,helmet,a},{yellow,ticket,a}}"
206,2019-10-10 00:05:51.064676,slippery,slipper,,,,f,,{},info,15,5,3
217,2019-10-10 00:06:09.745275,wooden,stool,,,,f,,{},info,15,5,4
96,2019-10-09 23:50:08.678972,slippery,slipper,,,,t,2019-10-09 23:51:40.607406,{},info,10,5,5
127,2019-10-09 23:51:45.809773,red,hand,,,,t,2019-10-09 23:52:23.284199,{},info,11,3,2
123,2019-10-09 23:51:31.719841,fat,leg,,,,t,2019-10-09 23:52:23.320776,{},info,11,3,5
122,2019-10-09 23:51:28.122333,pink,basement,,,,t,2019-10-09 23:52:23.334183,{},info,11,3,1
119,2019-10-09 23:51:18.654184,bright,star,,,,t,2019-10-09 23:52:23.371729,{},info,11,3,6
114,2019-10-09 23:51:09.543177,green,roof,,,,t,2019-10-09 23:52:23.400608,{},info,11,3,2
112,2019-10-09 23:51:05.742971,bright,shirt,,,,t,2019-10-09 23:52:23.417935,{},info,11,3,4
105,2019-10-09 23:50:47.017263,yellow,dragon,,,,t,2019-10-09 23:52:23.474013,{},info,11,3,2
133,2019-10-09 23:52:25.242237,,,,,,f,,{},info,5,5,"{{red,sunset,a},{red,hole,a},{purple,wheel,a},{purple,octopus,an},{solid,food,NA},{brown,clump,a},{slippery,slipper,a},{dark,cow,a},{dark,barn,a},{wet,sock,a},{yellow,duckling,a},{pink,crayon,a},{dark,owl,an},{orange,balloon,a},{solid,smack,a},{green,knife,a},{bright,card,a},{wooden,stool,a},{yellow,flag,a},{plastic,tunnel,a}}"
170,2019-10-09 23:53:11.649599,dead,person,,,,t,2019-10-09 23:53:40.883395,{},info,13,1,3
168,2019-10-09 23:53:09.63304,moist,skin,,,,t,2019-10-09 23:53:40.891978,{},info,13,1,4
148,2019-10-09 23:52:47.207904,silver,line,,,,t,2019-10-09 23:53:40.980331,{},info,13,1,3
165,2019-10-09 23:53:05.338771,solid,smack,,,,t,2019-10-09 23:53:41.211244,{},info,12,5,1
163,2019-10-09 23:53:03.198502,orange,balloon,,,,t,2019-10-09 23:53:41.223046,{},info,12,5,3
160,2019-10-09 23:53:00.239094,dark,owl,,,,t,2019-10-09 23:53:41.233843,{},info,12,5,5
147,2019-10-09 23:52:45.235643,slippery,slipper,,,,t,2019-10-09 23:53:41.301973,{},info,12,5,1
142,2019-10-09 23:52:38.17791,solid,food,,,,t,2019-10-09 23:53:41.320572,{},info,12,5,6
179,2019-10-09 23:55:23.843594,yellow,curve,,,,f,,{},info,14,3,1
190,2019-10-09 23:55:59.906614,fuzzy,fur,,,,f,,{},info,14,3,5
193,2019-10-09 23:56:08.606398,red,hand,,,,f,,{},info,14,3,2
196,2019-10-09 23:56:20.756607,green,helmet,,,,f,,{},info,14,3,3
200,2019-10-10 00:05:32.069705,red,sunset,,,,f,,{},info,15,5,3
115,2019-10-09 23:51:11.190529,yellow,flag,,,,t,2019-10-09 23:51:40.494046,{},info,10,5,3
99,2019-10-09 23:50:15.057481,wet,sock,,,,t,2019-10-09 23:51:40.580596,{},info,10,5,2
92,2019-10-09 23:49:59.43422,purple,wheel,,,,t,2019-10-09 23:51:40.639745,{},info,10,5,2
209,2019-10-10 00:05:57.221282,wet,sock,,,,f,,{},info,15,5,4
130,2019-10-09 23:51:56.064658,green,helmet,,,,t,2019-10-09 23:52:23.259191,{},info,11,3,3
117,2019-10-09 23:51:14.282655,wet,snow,,,,t,2019-10-09 23:52:23.383194,{},info,11,3,3
108,2019-10-09 23:50:56.093396,grey,bridge,,,,t,2019-10-09 23:52:23.440354,{},info,11,3,5
136,2019-10-09 23:52:32.05056,,,,,,f,,{},info,1,1,"{{pink,bow,a},{springy,tail,a},{buttered,dough,NA},{hot,door,a},{silver,ship,a},{purple,ladybug,a},{silver,line,a},{wet,rag,a},{hot,cake,a},{hot,noodle,a},{orange,snack,a},{orange,sticker,a},{brown,color,a},{naked,girl,a},{green,grasshopper,a},{flat,cardboard,NA},{yellow,puppy,a},{moist,skin,NA},{dead,person,a},{brown,rock,a}}"
214,2019-10-10 00:06:06.314841,solid,smack,,,,f,,{},info,15,5,2
87,2019-10-09 23:48:44.593361,brown,rock,,,,t,2019-10-09 23:49:08.608446,{},info,9,1,3
86,2019-10-09 23:48:42.91066,dead,person,,,,t,2019-10-09 23:49:08.616257,{},info,9,1,3
79,2019-10-09 23:48:25.529839,orange,sticker,,,,t,2019-10-09 23:49:08.672458,{},info,9,1,3
75,2019-10-09 23:48:14.671247,wet,rag,,,,t,2019-10-09 23:49:08.707648,{},info,9,1,3
72,2019-10-09 23:48:06.70695,silver,ship,,,,t,2019-10-09 23:49:08.732053,{},info,9,1,4
70,2019-10-09 23:48:02.3479,buttered,dough,,,,t,2019-10-09 23:49:08.747555,{},info,9,1,4
69,2019-10-09 23:47:58.577434,springy,tail,,,,t,2019-10-09 23:49:08.755675,{},info,9,1,3
218,2019-10-10 00:06:11.027462,yellow,flag,,,,f,,{},info,15,5,3
172,2019-10-09 23:53:13.129925,brown,rock,,,,t,2019-10-09 23:53:40.873023,{},info,13,1,3
167,2019-10-09 23:53:08.158663,yellow,puppy,,,,t,2019-10-09 23:53:40.900017,{},info,13,1,3
164,2019-10-09 23:53:05.210501,flat,cardboard,,,,t,2019-10-09 23:53:40.908832,{},info,13,1,4
150,2019-10-09 23:52:48.882945,wet,rag,,,,t,2019-10-09 23:53:40.972064,{},info,13,1,4
166,2019-10-09 23:53:07.187851,green,knife,,,,t,2019-10-09 23:53:41.199588,{},info,12,5,3
158,2019-10-09 23:52:58.299954,pink,crayon,,,,t,2019-10-09 23:53:41.242453,{},info,12,5,4
144,2019-10-09 23:52:40.912906,brown,clump,,,,t,2019-10-09 23:53:41.311396,{},info,12,5,4
191,2019-10-09 23:56:02.888716,green,track,,,,f,,{},info,14,3,3
192,2019-10-09 23:56:05.343313,wet,towel,,,,f,,{},info,14,3,4
198,2019-10-09 23:56:27.224812,,attentioncheck,,,,f,,{},info,14,3,5
116,2019-10-09 23:51:13.211204,plastic,tunnel,,,,t,2019-10-09 23:51:40.48581,{},info,10,5,4
91,2019-10-09 23:49:57.165237,red,hole,,,,t,2019-10-09 23:51:40.647719,{},info,10,5,2
90,2019-10-09 23:49:54.535464,red,sunset,,,,t,2019-10-09 23:51:40.655594,{},info,10,5,7
77,2019-10-09 23:48:21.825061,hot,noodle,,,,t,2019-10-09 23:49:08.688967,{},info,9,1,4
73,2019-10-09 23:48:10.072165,purple,ladybug,,,,t,2019-10-09 23:49:08.72398,{},info,9,1,1
71,2019-10-09 23:48:04.484589,hot,door,,,,t,2019-10-09 23:49:08.739705,{},info,9,1,2
89,2019-10-09 23:49:50.882747,,,,,,f,,{},info,5,5,"{{red,sunset,a},{red,hole,a},{purple,wheel,a},{purple,octopus,an},{solid,food,NA},{brown,clump,a},{slippery,slipper,a},{dark,cow,a},{dark,barn,a},{wet,sock,a},{yellow,duckling,a},{pink,crayon,a},{dark,owl,an},{orange,balloon,a},{solid,smack,a},{green,knife,a},{bright,card,a},{wooden,stool,a},{yellow,flag,a},{plastic,tunnel,a}}"
202,2019-10-10 00:05:35.786814,purple,wheel,,,,f,,{},info,15,5,3
131,2019-10-09 23:51:58.749712,yellow,ticket,,,,t,2019-10-09 23:52:23.251107,{},info,11,3,3
106,2019-10-09 23:50:51.865279,yellow,curve,,,,t,2019-10-09 23:52:23.458042,{},info,11,3,3
174,2019-10-09 23:53:15.142389,,attentioncheck,,,,t,2019-10-09 23:53:40.863564,{},info,13,1,5
141,2019-10-09 23:52:37.758966,buttered,dough,,,,t,2019-10-09 23:53:41.014231,{},info,13,1,4
171,2019-10-09 23:53:12.785082,wooden,stool,,,,t,2019-10-09 23:53:41.179422,{},info,12,5,6
155,2019-10-09 23:52:54.587474,yellow,duckling,,,,t,2019-10-09 23:53:41.251922,{},info,12,5,6
177,2019-10-09 23:55:12.345925,,,,,,f,,{},info,3,3,"{{yellow,dragon,a},{yellow,curve,a},{grey,bridge,a},{red,arrow,an},{bright,shirt,a},{green,roof,a},{wet,snow,NA},{bright,star,a},{purple,bin,a},{purple,salad,a},{pink,basement,a},{fat,leg,a},{fuzzy,fur,NA},{green,track,a},{wet,towel,a},{red,hand,a},{orange,nose,a},{plastic,garbage,NA},{green,helmet,a},{yellow,ticket,a}}"
178,2019-10-09 23:55:16.336182,yellow,dragon,,,,f,,{},info,14,3,2
189,2019-10-09 23:55:55.837442,fat,leg,,,,f,,{},info,14,3,3
199,2019-10-10 00:05:23.300587,,,,,,f,,{},info,5,5,"{{red,sunset,a},{red,hole,a},{purple,wheel,a},{purple,octopus,an},{solid,food,NA},{brown,clump,a},{slippery,slipper,a},{dark,cow,a},{dark,barn,a},{wet,sock,a},{yellow,duckling,a},{pink,crayon,a},{dark,owl,an},{orange,balloon,a},{solid,smack,a},{green,knife,a},{bright,card,a},{wooden,stool,a},{yellow,flag,a},{plastic,tunnel,a}}"
118,2019-10-09 23:51:14.904262,,attentioncheck,,,,t,2019-10-09 23:51:40.47709,{},info,10,5,5
201,2019-10-10 00:05:34.559499,red,hole,,,,f,,{},info,15,5,2
208,2019-10-10 00:05:55.125644,dark,barn,,,,f,,{},info,15,5,2
156,2019-10-09 23:52:54.824359,orange,snack,,,,t,2019-10-09 23:53:40.948158,{},info,13,1,3
135,2019-10-09 23:52:30.885597,red,hole,,,,t,2019-10-09 23:53:41.349649,{},info,12,5,1
210,2019-10-10 00:05:59.319703,yellow,duckling,,,,f,,{},info,15,5,3
85,2019-10-09 23:48:41.047778,moist,skin,,,,t,2019-10-09 23:49:08.62393,{},info,9,1,3
81,2019-10-09 23:48:32.384149,naked,girl,,,,t,2019-10-09 23:49:08.656584,{},info,9,1,3
80,2019-10-09 23:48:27.679748,brown,color,,,,t,2019-10-09 23:49:08.664443,{},info,9,1,3
78,2019-10-09 23:48:23.916449,orange,snack,,,,t,2019-10-09 23:49:08.680909,{},info,9,1,3
74,2019-10-09 23:48:13.042939,silver,line,,,,t,2019-10-09 23:49:08.71603,{},info,9,1,3
211,2019-10-10 00:06:01.728323,pink,crayon,,,,f,,{},info,15,5,3
215,2019-10-10 00:06:07.297498,green,knife,,,,f,,{},info,15,5,3
203,2019-10-10 00:05:39.661105,purple,octopus,,,,f,,{},info,15,5,3
88,2019-10-09 23:48:46.988549,,attentioncheck,,,,t,2019-10-09 23:49:08.600524,{},info,9,1,5
82,2019-10-09 23:48:34.620795,green,grasshopper,,,,t,2019-10-09 23:49:08.648124,{},info,9,1,5
212,2019-10-10 00:06:03.765348,dark,owl,,,,f,,{},info,15,5,4
107,2019-10-09 23:50:54.6305,solid,smack,,,,t,2019-10-09 23:51:40.530798,{},info,10,5,4
102,2019-10-09 23:50:20.866155,dark,owl,,,,t,2019-10-09 23:51:40.550423,{},info,10,5,4
98,2019-10-09 23:50:13.154632,dark,barn,,,,t,2019-10-09 23:51:40.589072,{},info,10,5,3
126,2019-10-09 23:51:41.634269,wet,towel,,,,t,2019-10-09 23:52:23.292943,{},info,11,3,5
121,2019-10-09 23:51:25.321196,purple,salad,,,,t,2019-10-09 23:52:23.34713,{},info,11,3,1
120,2019-10-09 23:51:22.478238,purple,bin,,,,t,2019-10-09 23:52:23.359874,{},info,11,3,2
176,2019-10-09 23:53:18.866301,,attentioncheck,,,,t,2019-10-09 23:53:41.152593,{},info,12,5,5
151,2019-10-09 23:52:50.12759,dark,barn,,,,t,2019-10-09 23:53:41.277556,{},info,12,5,5
137,2019-10-09 23:52:33.132476,purple,wheel,,,,t,2019-10-09 23:53:41.338767,{},info,12,5,2
182,2019-10-09 23:55:35.768142,bright,shirt,,,,f,,{},info,14,3,4
187,2019-10-09 23:55:50.723091,purple,salad,,,,f,,{},info,14,3,1
204,2019-10-10 00:05:42.747688,purple,octopus,,,,f,,{},info,15,5,3
124,2019-10-09 23:51:35.655513,fuzzy,fur,,,,t,2019-10-09 23:52:23.311013,{},info,11,3,4
84,2019-10-09 23:48:39.400172,yellow,puppy,,,,t,2019-10-09 23:49:08.631874,{},info,9,1,3
83,2019-10-09 23:48:36.914834,flat,cardboard,,,,t,2019-10-09 23:49:08.640044,{},info,9,1,4
188,2019-10-09 23:55:53.641888,pink,basement,,,,f,,{},info,14,3,2
205,2019-10-10 00:05:48.362759,purple,octopus,,,,f,,{},info,15,5,4
109,2019-10-09 23:50:56.77018,green,knife,,,,t,2019-10-09 23:51:40.521694,{},info,10,5,5
101,2019-10-09 23:50:19.233114,pink,crayon,,,,t,2019-10-09 23:51:40.560463,{},info,10,5,2
93,2019-10-09 23:50:01.604812,purple,octopus,,,,t,2019-10-09 23:51:40.631641,{},info,10,5,4
128,2019-10-09 23:51:48.154827,orange,nose,,,,t,2019-10-09 23:52:23.275891,{},info,11,3,1
125,2019-10-09 23:51:38.70142,green,track,,,,t,2019-10-09 23:52:23.302277,{},info,11,3,3
161,2019-10-09 23:53:00.96532,naked,girl,,,,t,2019-10-09 23:53:40.924577,{},info,13,1,3
154,2019-10-09 23:52:52.66156,hot,noodle,,,,t,2019-10-09 23:53:40.956163,{},info,13,1,5
152,2019-10-09 23:52:51.034066,hot,cake,,,,t,2019-10-09 23:53:40.964185,{},info,13,1,4
146,2019-10-09 23:52:42.54838,purple,ladybug,,,,t,2019-10-09 23:53:40.988588,{},info,13,1,1
145,2019-10-09 23:52:40.985854,silver,ship,,,,t,2019-10-09 23:53:40.996764,{},info,13,1,2
143,2019-10-09 23:52:39.625978,hot,door,,,,t,2019-10-09 23:53:41.004749,{},info,13,1,2
140,2019-10-09 23:52:36.178822,springy,tail,,,,t,2019-10-09 23:53:41.023263,{},info,13,1,3
169,2019-10-09 23:53:10.143971,bright,card,,,,t,2019-10-09 23:53:41.189955,{},info,12,5,3
153,2019-10-09 23:52:52.261597,wet,sock,,,,t,2019-10-09 23:53:41.263054,{},info,12,5,3
149,2019-10-09 23:52:47.99619,dark,cow,,,,t,2019-10-09 23:53:41.288893,{},info,12,5,5
139,2019-10-09 23:52:35.282993,purple,octopus,,,,t,2019-10-09 23:53:41.329481,{},info,12,5,1
181,2019-10-09 23:55:32.388128,red,arrow,,,,f,,{},info,14,3,3
184,2019-10-09 23:55:41.081272,wet,snow,,,,f,,{},info,14,3,3
186,2019-10-09 23:55:46.611448,purple,bin,,,,f,,{},info,14,3,2
113,2019-10-09 23:51:06.184563,wooden,stool,,,,t,2019-10-09 23:51:40.503661,{},info,10,5,5
207,2019-10-10 00:05:52.547249,dark,cow,,,,f,,{},info,15,5,2
94,2019-10-09 23:50:03.554022,solid,food,,,,t,2019-10-09 23:51:40.623515,{},info,10,5,6
219,2019-10-10 00:06:11.95115,plastic,tunnel,,,,f,,{},info,15,5,4
129,2019-10-09 23:51:53.075913,plastic,garbage,,,,t,2019-10-09 23:52:23.267304,{},info,11,3,5
162,2019-10-09 23:53:03.183031,green,grasshopper,,,,t,2019-10-09 23:53:40.916507,{},info,13,1,6
157,2019-10-09 23:52:56.682862,orange,sticker,,,,t,2019-10-09 23:53:40.940531,{},info,13,1,3
173,2019-10-09 23:53:14.863781,yellow,flag,,,,t,2019-10-09 23:53:41.170603,{},info,12,5,3
134,2019-10-09 23:52:28.583225,red,sunset,,,,t,2019-10-09 23:53:41.36248,{},info,12,5,3
180,2019-10-09 23:55:29.895191,grey,bridge,,,,f,,{},info,14,3,4
183,2019-10-09 23:55:38.691825,green,roof,,,,f,,{},info,14,3,2
194,2019-10-09 23:56:13.41994,orange,nose,,,,f,,{},info,14,3,1
110,2019-10-09 23:51:00.680397,bright,card,,,,t,2019-10-09 23:51:40.512815,{},info,10,5,6
213,2019-10-10 00:06:05.096409,orange,balloon,,,,f,,{},info,15,5,3
104,2019-10-09 23:50:46.842516,orange,balloon,,,,t,2019-10-09 23:51:40.540637,{},info,10,5,4
95,2019-10-09 23:50:06.188649,brown,clump,,,,t,2019-10-09 23:51:40.61561,{},info,10,5,3
132,2019-10-09 23:52:01.654765,,attentioncheck,,,,t,2019-10-09 23:52:23.242322,{},info,11,3,5
138,2019-10-09 23:52:34.116547,pink,bow,,,,t,2019-10-09 23:53:41.031391,{},info,13,1,3
175,2019-10-09 23:53:17.153556,plastic,tunnel,,,,t,2019-10-09 23:53:41.161713,{},info,12,5,3
185,2019-10-09 23:55:43.848089,bright,star,,,,f,,{},info,14,3,5
100,2019-10-09 23:50:17.182846,yellow,duckling,,,,t,2019-10-09 23:51:40.571159,{},info,10,5,6
216,2019-10-10 00:06:08.82903,bright,card,,,,f,,{},info,15,5,2
97,2019-10-09 23:50:10.991161,dark,cow,,,,t,2019-10-09 23:51:40.597607,{},info,10,5,2
220,2019-10-10 00:06:14.040097,,attentioncheck,,,,f,,{},info,15,5,5
111,2019-10-09 23:51:02.51962,red,arrow,,,,t,2019-10-09 23:52:23.430602,{},info,11,3,5
159,2019-10-09 23:52:58.688799,brown,color,,,,t,2019-10-09 23:53:40.932662,{},info,13,1,3
